millis,x,y,z,state
0,0.39453125,-0.9140625,0.150390625,Unknown
100,0.396484375,-0.916015625,0.15234375,Unknown
203,0.396484375,-0.916015625,0.15234375,Unknown
304,0.396484375,-0.916015625,0.15234375,Unknown
491,0.396484375,-0.916015625,0.15234375,Unknown
649,0.396484375,-0.916015625,0.15234375,Unknown
859,0.396484375,-0.9140625,0.15234375,Unknown
979,0.396484375,-0.916015625,0.154296875,Unknown
1164,0.396484375,-0.916015625,0.15234375,Unknown
1302,0.396484375,-0.916015625,0.15234375,Unknown
1549,0.396484375,-0.916015625,0.15234375,Unknown
1686,0.396484375,-0.916015625,0.154296875,Unknown
1794,0.396484375,-0.916015625,0.154296875,Unknown
1928,0.396484375,-0.916015625,0.15234375,Unknown
2104,0.396484375,-0.916015625,0.15234375,Unknown
2384,0.396484375,-0.916015625,0.154296875,Unknown
2531,0.396484375,-0.916015625,0.154296875,Unknown
2644,0.396484375,-0.916015625,0.15234375,Unknown
2742,0.396484375,-0.9140625,0.15234375,Unknown
2917,0.396484375,-0.9140625,0.15234375,Unknown
3056,0.51953125,-1.279296875,0.23046875,Handling
3217,0.51953125,-1.279296875,0.23046875,Handling
3363,0.333984375,-0.447265625,0.203125,Handling
3462,0.080078125,0.1953125,1.181640625,Handling
3609,0.32421875,0.802734375,0.708984375,Handling
3704,0.216796875,0.244140625,0.548828125,Handling
3813,0.216796875,0.244140625,0.548828125,Handling
3913,0.986328125,-1.19921875,1.22265625,Rolling
4010,0.986328125,-1.19921875,1.22265625,Rolling
4109,-0.0234375,-0.44921875,0.359375,Rolling
4241,0.412109375,0.490234375,-0.076171875,Rolling
4452,0.326171875,1.01953125,0.150390625,Rolling
4576,0.35546875,0.982421875,0.125,OnFace
4676,0.35546875,0.982421875,0.125,OnFace
4778,0.35546875,0.982421875,0.125,OnFace
4875,0.35546875,0.982421875,0.123046875,OnFace
4976,0.35546875,0.982421875,0.123046875,OnFace
5077,0.35546875,0.982421875,0.125,OnFace
5316,0.35546875,0.982421875,0.123046875,OnFace
5473,0.35546875,0.982421875,0.123046875,OnFace
5573,0.35546875,0.982421875,0.125,OnFace
5670,0.35546875,0.982421875,0.125,OnFace
5813,0.35546875,0.982421875,0.123046875,OnFace
5911,0.35546875,0.982421875,0.123046875,OnFace
6012,0.35546875,0.982421875,0.125,OnFace
6109,0.35546875,0.982421875,0.123046875,OnFace
6207,0.35546875,0.982421875,0.123046875,OnFace
6307,0.35546875,0.982421875,0.123046875,OnFace
6405,0.61328125,1.21875,0.1015625,Handling
6504,0.61328125,1.21875,0.1015625,Handling
6604,0.720703125,1.08984375,0.08203125,Handling
6822,-0.134765625,-0.052734375,0.076171875,Handling
6949,-0.30078125,0.134765625,-1.5078125,Handling
7054,-0.16796875,0.048828125,0.18359375,Handling
7237,0.85546875,0.501953125,0.88671875,Handling
7482,0.9140625,0.34375,-0.173828125,Rolling
7619,1.02734375,0.01171875,-0.046875,Rolling
7715,1.02734375,0.01171875,-0.046875,OnFace
7835,1.013671875,0.009765625,-0.05078125,OnFace
7936,1.013671875,0.009765625,-0.05078125,OnFace
8080,1.013671875,0.01171875,-0.05078125,OnFace
8225,1.013671875,0.009765625,-0.05078125,OnFace
8345,1.013671875,0.009765625,-0.052734375,OnFace
8466,1.013671875,0.009765625,-0.05078125,OnFace
8561,1.013671875,0.009765625,-0.05078125,OnFace
8674,1.013671875,0.009765625,-0.05078125,OnFace
8859,1.013671875,0.009765625,-0.05078125,OnFace
9006,1.013671875,0.009765625,-0.05078125,OnFace
9109,1.015625,0.009765625,-0.05078125,OnFace
9208,1.013671875,0.009765625,-0.05078125,OnFace
9308,1.013671875,0.009765625,-0.05078125,OnFace
9414,1.013671875,0.009765625,-0.052734375,OnFace
9535,1.013671875,0.009765625,-0.052734375,OnFace
9633,1.01171875,0.009765625,-0.052734375,OnFace
9733,1.125,-0.029296875,-0.04296875,OnFace
9833,1.125,-0.029296875,-0.04296875,Handling
9964,1.32421875,-0.03515625,-0.455078125,Handling
10092,0.013671875,-0.30078125,0.662109375,Handling
10703,0.857421875,-0.470703125,-0.28125,Shaking
10991,-0.5390625,-0.638671875,-0.494140625,Shaking
11169,0.0625,0.015625,-0.552734375,Shaking
11296,-0.37890625,-0.322265625,0.18359375,Shaking
11467,0.353515625,0.0078125,-0.1015625,Rolling
11649,0.6015625,-0.46875,0.201171875,Rolling
11861,0.982421875,0.150390625,-0.083984375,Rolling
11991,1.01171875,0,-0.04296875,OnFace
12093,1.013671875,0.0234375,-0.064453125,OnFace
12195,1.013671875,0.0234375,-0.064453125,OnFace
12295,1.013671875,0.0234375,-0.064453125,OnFace
12392,1.013671875,0.0234375,-0.06640625,OnFace
12493,1.013671875,0.0234375,-0.06640625,OnFace
12602,1.013671875,0.0234375,-0.06640625,OnFace
12727,1.013671875,0.0234375,-0.064453125,OnFace
12822,1.013671875,0.0234375,-0.064453125,OnFace
12922,1.013671875,0.0234375,-0.064453125,OnFace
13021,1.013671875,0.0234375,-0.064453125,OnFace
13116,1.013671875,0.0234375,-0.064453125,OnFace
13266,1.013671875,0.0234375,-0.064453125,OnFace
13385,1.013671875,0.0234375,-0.064453125,OnFace
13505,1.013671875,0.0234375,-0.064453125,OnFace
13603,1.013671875,0.0234375,-0.06640625,OnFace
13701,1.013671875,0.0234375,-0.06640625,OnFace
13798,1.01171875,0.0234375,-0.064453125,OnFace
13901,1.01171875,0.0234375,-0.064453125,OnFace
14008,1.01171875,0.02734375,-0.064453125,OnFace
14144,1.51953125,0.11328125,-0.078125,OnFace
14273,0.8515625,0.162109375,-0.09765625,Handling
14374,0.8515625,0.162109375,-0.09765625,Handling
14472,-0.244140625,-0.48046875,-0.640625,Handling
14616,-0.697265625,0.48828125,-0.568359375,Shaking
14956,0.271484375,-0.0546875,1.177734375,Shaking
15139,1.162109375,-0.796875,1.220703125,Shaking
15241,0.8984375,-1.30859375,2.9375,Rolling
15462,0.40625,-0.9140625,0.16015625,Rolling
15589,0.40625,-0.9140625,0.16015625,Rolling
15684,0.390625,-0.91796875,0.14453125,OnFace
15785,0.390625,-0.91796875,0.14453125,OnFace
15884,0.390625,-0.91796875,0.14453125,OnFace
15979,0.390625,-0.91796875,0.14453125,OnFace
16119,0.390625,-0.91796875,0.14453125,OnFace
16232,0.390625,-0.91796875,0.146484375,OnFace
16423,0.390625,-0.91796875,0.146484375,OnFace
16546,0.390625,-0.91796875,0.14453125,OnFace
16684,0.390625,-0.91796875,0.14453125,OnFace
16875,0.390625,-0.91796875,0.14453125,OnFace
17013,0.390625,-0.91796875,0.14453125,OnFace
17111,0.390625,-0.916015625,0.146484375,OnFace
17228,0.3984375,-0.921875,0.140625,OnFace
17344,0.3984375,-0.921875,0.140625,OnFace
17500,0.638671875,-1.404296875,-0.16796875,Handling
17860,0.171875,-0.705078125,-0.001953125,Shaking
18351,0.1640625,1.00390625,0.55078125,Shaking
18593,0.3671875,0.697265625,-0.46484375,Shaking
18690,-0.14453125,0.828125,-0.220703125,Shaking
18788,-0.06640625,0.376953125,0.53515625,Shaking
19096,-0.50390625,-0.2890625,0.248046875,Rolling
19245,-0.798828125,0.47265625,0.291015625,Rolling
19343,-0.72265625,0.6015625,0.39453125,Rolling
19438,-0.72265625,0.6015625,0.39453125,OnFace
19536,-0.72265625,0.6015625,0.392578125,OnFace
19635,-0.72265625,0.6015625,0.392578125,OnFace
19732,-0.72265625,0.6015625,0.39453125,OnFace
19864,-0.72265625,0.6015625,0.392578125,OnFace
19966,-0.74609375,0.5859375,0.3671875,OnFace
20064,-0.76171875,0.5859375,0.3359375,OnFace
20166,-0.76171875,0.5859375,0.3359375,Shifting
20444,-0.66015625,0.6328125,0.45703125,Shifting
20593,-0.736328125,0.564453125,0.421875,Shifting
20691,-0.736328125,0.564453125,0.421875,Shifting
20824,-0.732421875,0.591796875,0.392578125,Shifting
20951,-0.712890625,0.611328125,0.3984375,Shifting
21096,-0.72265625,0.6015625,0.396484375,Shifting
21333,-0.72265625,0.599609375,0.39453125,OnFace
21486,-0.72265625,0.599609375,0.39453125,OnFace
21604,-0.72265625,0.599609375,0.39453125,OnFace
21756,-0.72265625,0.599609375,0.39453125,OnFace
21939,-0.72265625,0.599609375,0.39453125,OnFace
22055,-0.72265625,0.599609375,0.396484375,OnFace
22155,-0.751953125,0.53515625,0.439453125,OnFace
22254,-0.751953125,0.53515625,0.439453125,OnFace
22513,-0.8671875,1.482421875,0.720703125,Handling
22686,1.05078125,0.5859375,-0.271484375,Shaking
22842,0.9296875,0.025390625,0.19140625,Shaking
22951,-0.185546875,0.734375,-0.162109375,Shaking
23174,0.2265625,0.892578125,0.1953125,Shaking
23307,0.453125,-0.3828125,0.865234375,Rolling
23401,0.73046875,-0.4921875,0.9375,Rolling
23499,0.73046875,-0.4921875,0.9375,Rolling
23744,0.392578125,-0.927734375,0.125,Rolling
23892,0.384765625,-0.91796875,0.150390625,Rolling
23986,0.384765625,-0.91796875,0.150390625,OnFace
24156,0.38671875,-0.91796875,0.15234375,OnFace
24273,0.388671875,-0.91796875,0.15234375,OnFace
24462,0.38671875,-0.91796875,0.15234375,OnFace
24700,0.38671875,-0.91796875,0.15234375,OnFace
24994,0.38671875,-0.91796875,0.15234375,OnFace
25144,0.38671875,-0.916015625,0.15234375,OnFace
25243,0.38671875,-0.916015625,0.15234375,OnFace
25384,0.388671875,-0.916015625,0.15234375,OnFace
25535,0.388671875,-0.916015625,0.15234375,OnFace
25686,0.38671875,-0.916015625,0.15234375,OnFace
25805,0.38671875,-0.916015625,0.15234375,OnFace
25903,0.38671875,-0.916015625,0.15234375,OnFace
26002,0.38671875,-0.916015625,0.15234375,OnFace
26104,0.38671875,-0.91796875,0.150390625,OnFace
26199,0.388671875,-0.916015625,0.15234375,OnFace
26339,0.388671875,-0.916015625,0.15234375,OnFace
26466,0.38671875,-0.916015625,0.15234375,OnFace
26564,0.38671875,-0.916015625,0.15234375,OnFace
26672,0.38671875,-0.91796875,0.15234375,OnFace
26794,0.546875,-1.26171875,0,OnFace
26892,0.546875,-1.26171875,0,OnFace
26987,0.75,-1.10546875,-0.1796875,Handling
27252,0.107421875,0.18359375,0.025390625,Handling
27401,0.41015625,1.416015625,0.146484375,Handling
27522,0.107421875,-0.23828125,0.640625,Handling
27621,0.365234375,-0.40234375,1.333984375,Handling
27721,0.365234375,-0.40234375,1.333984375,Rolling
27816,0.365234375,-0.40234375,1.333984375,Rolling
27938,0.126953125,0.392578125,0.669921875,Rolling
28055,-0.37109375,0.95703125,-0.1015625,Rolling
28153,-0.37109375,0.95703125,-0.1015625,Rolling
28253,-0.369140625,0.95703125,-0.1015625,OnFace
28354,-0.369140625,0.95703125,-0.1015625,OnFace
28455,-0.369140625,0.958984375,-0.1015625,OnFace
28596,-0.3671875,0.95703125,-0.1015625,OnFace
28698,-0.3671875,0.95703125,-0.1015625,OnFace
28798,-0.3671875,0.95703125,-0.1015625,OnFace
28894,-0.3671875,0.95703125,-0.103515625,OnFace
28993,-0.3671875,0.95703125,-0.103515625,OnFace
29094,-0.369140625,0.95703125,-0.103515625,OnFace
29192,-0.369140625,0.95703125,-0.103515625,OnFace
29318,-0.369140625,0.95703125,-0.103515625,OnFace
29416,-0.3671875,0.95703125,-0.103515625,OnFace
29512,-0.369140625,0.95703125,-0.103515625,OnFace
29638,-0.369140625,0.95703125,-0.103515625,OnFace
29737,-0.369140625,0.95703125,-0.103515625,OnFace
29833,-0.369140625,0.95703125,-0.103515625,OnFace
29975,-0.517578125,1.224609375,-0.21875,OnFace
30160,-0.646484375,1.2578125,0.216796875,Handling
30272,-0.646484375,1.2578125,0.216796875,Handling
30370,0.55859375,-0.37890625,0.181640625,Handling
30734,0.869140625,0.3515625,0.470703125,Handling
30884,0.6640625,-0.169921875,0.810546875,Rolling
31092,0.11328125,0.216796875,-0.404296875,Rolling
31228,-0.41015625,0.560546875,-0.751953125,OnFace
31326,-0.384765625,0.580078125,-0.734375,OnFace
31424,-0.384765625,0.580078125,-0.734375,OnFace
31622,-0.384765625,0.580078125,-0.734375,OnFace
31729,-0.384765625,0.580078125,-0.734375,OnFace
31825,-0.384765625,0.580078125,-0.734375,OnFace
32249,-0.384765625,0.580078125,-0.734375,OnFace
32382,-0.3828125,0.580078125,-0.732421875,OnFace
32477,-0.384765625,0.580078125,-0.734375,OnFace
32616,-0.384765625,0.58203125,-0.732421875,OnFace
32735,-0.384765625,0.58203125,-0.732421875,OnFace
32831,-0.384765625,0.580078125,-0.734375,OnFace
32928,-0.384765625,0.580078125,-0.734375,OnFace
33027,-0.384765625,0.580078125,-0.734375,OnFace
33125,-0.458984375,0.640625,-0.912109375,OnFace
33223,-0.458984375,0.640625,-0.912109375,OnFace
33394,-0.681640625,0.701171875,-1.115234375,Handling
33506,-0.41015625,-0.228515625,0.380859375,Handling
33732,0.3984375,0.765625,0.296875,Handling
33862,0.1484375,0.189453125,0.37890625,Shaking
34051,-0.685546875,-0.146484375,0.78125,Shaking
34167,0.712890625,-0.310546875,0.705078125,Shaking
34445,0.255859375,-1.75390625,1.734375,Rolling
34629,0.28515625,0.916015625,0.33984375,Rolling
34737,0.318359375,0.97265625,0.13671875,Rolling
34835,0.318359375,0.97265625,0.13671875,Rolling
34932,0.349609375,0.984375,0.134765625,OnFace
35056,0.349609375,0.984375,0.1328125,OnFace
35154,0.349609375,0.984375,0.1328125,OnFace
35253,0.349609375,0.984375,0.1328125,OnFace
35405,0.349609375,0.984375,0.1328125,OnFace
35508,0.349609375,0.984375,0.134765625,OnFace
35607,0.349609375,0.984375,0.134765625,OnFace
35705,0.349609375,0.984375,0.1328125,OnFace
35805,0.349609375,0.984375,0.1328125,OnFace
35908,0.3515625,0.984375,0.134765625,OnFace
36007,0.3515625,0.984375,0.134765625,OnFace
36103,0.349609375,0.984375,0.134765625,OnFace
36202,0.349609375,0.982421875,0.134765625,OnFace
36302,0.349609375,0.982421875,0.134765625,OnFace
36397,0.349609375,0.984375,0.134765625,OnFace
36495,0.349609375,0.984375,0.134765625,OnFace
36593,0.349609375,0.984375,0.1328125,OnFace
36730,0.349609375,0.984375,0.1328125,OnFace
36827,0.490234375,0.953125,0.12890625,OnFace
36925,0.490234375,0.953125,0.12890625,OnFace
37020,0.740234375,1.623046875,-0.1328125,Handling
37117,0.1875,0.625,0.12109375,Handling
37216,0.1875,0.625,0.12109375,Handling
37407,0.8359375,-1.029296875,-0.318359375,Handling
37524,0.39453125,-0.376953125,0.009765625,Handling
37625,1.5,-0.734375,1.703125,Rolling
37723,1.015625,0.009765625,0.69140625,Rolling
37821,1.015625,0.009765625,0.69140625,Rolling
37986,0.9765625,0.22265625,-0.080078125,Rolling
38105,1.005859375,0.02734375,-0.02734375,Rolling
38202,1.013671875,0.03125,-0.037109375,OnFace
38300,1.013671875,0.03125,-0.037109375,OnFace
38398,1.013671875,0.03125,-0.037109375,OnFace
38494,1.013671875,0.03125,-0.037109375,OnFace
38593,1.013671875,0.03125,-0.037109375,OnFace
38799,1.013671875,0.03125,-0.037109375,OnFace
38915,1.013671875,0.03125,-0.037109375,OnFace
39019,1.013671875,0.03125,-0.037109375,OnFace
39137,1.013671875,0.03125,-0.03515625,OnFace
39233,1.013671875,0.03125,-0.03515625,OnFace
39331,1.013671875,0.03125,-0.03515625,OnFace
39430,1.013671875,0.029296875,-0.037109375,OnFace
39548,1.013671875,0.03125,-0.037109375,OnFace
39646,1.013671875,0.03125,-0.037109375,OnFace
39746,1.013671875,0.03125,-0.037109375,OnFace
39844,1.013671875,0.03125,-0.037109375,OnFace
39939,1.013671875,0.03125,-0.037109375,OnFace
40037,1.013671875,0.03125,-0.037109375,OnFace
40134,1.02734375,0.0078125,-0.009765625,OnFace
40230,1.02734375,0.0078125,-0.009765625,OnFace
40361,1.830078125,-0.224609375,-0.025390625,Handling
40459,0.3828125,0.14453125,0.00390625,Handling
40756,-0.02734375,-0.267578125,-0.771484375,Shaking
40955,-0.724609375,-0.021484375,0.55078125,Shaking
41074,-0.62109375,0.25390625,0.505859375,Shaking
41292,0.966796875,-1.287109375,0.029296875,Shaking
41429,-0.154296875,-0.283203125,0.13671875,Rolling
41562,-0.615234375,-0.03125,0.396484375,Rolling
41737,-0.623046875,0.67578125,0.376953125,Rolling
41918,-0.732421875,0.59765625,0.3828125,OnFace
42067,-0.732421875,0.59765625,0.3828125,OnFace
42166,-0.732421875,0.59765625,0.3828125,OnFace
42261,-0.732421875,0.59765625,0.3828125,OnFace
42584,-0.732421875,0.59765625,0.380859375,OnFace
42745,-0.732421875,0.59765625,0.3828125,OnFace
42840,-0.734375,0.59765625,0.380859375,OnFace
42938,-0.732421875,0.59765625,0.3828125,OnFace
43037,-0.732421875,0.59765625,0.3828125,OnFace
43134,-0.732421875,0.59765625,0.3828125,OnFace
43234,-0.732421875,0.59765625,0.3828125,OnFace
43333,-0.732421875,0.59765625,0.380859375,OnFace
43429,-0.732421875,0.59765625,0.3828125,OnFace
43530,-0.732421875,0.59765625,0.3828125,OnFace
43656,-0.732421875,0.59765625,0.3828125,OnFace
43896,-0.857421875,0.63671875,0.408203125,OnFace
44052,-0.857421875,0.63671875,0.408203125,Handling
44151,-1.201171875,0.91015625,0.544921875,Handling
44251,-0.013671875,0.017578125,0.109375,Handling
44439,-0.81640625,-0.181640625,-0.005859375,Handling
44744,-0.615234375,-0.525390625,0.314453125,Shaking
44909,-0.583984375,0.42578125,0.3046875,Shaking
45004,1.150390625,-2.021484375,1.888671875,Shaking
45103,0.7109375,-0.775390625,1.810546875,Rolling
45201,0.7109375,-0.775390625,1.810546875,Rolling
45400,0.865234375,0.275390625,0.49609375,Rolling
45574,0.798828125,0.0625,0.630859375,Rolling
45703,0.80078125,0.0625,0.630859375,OnFace
45845,0.80078125,0.0625,0.630859375,OnFace
45947,0.798828125,0.0625,0.630859375,OnFace
46206,0.798828125,0.0625,0.630859375,OnFace
46350,0.798828125,0.0625,0.630859375,OnFace
46477,0.798828125,0.0625,0.630859375,OnFace
46576,0.798828125,0.0625,0.630859375,OnFace
46671,0.798828125,0.0625,0.630859375,OnFace
46891,0.798828125,0.0625,0.630859375,OnFace
47060,0.80078125,0.0625,0.630859375,OnFace
47158,0.80078125,0.0625,0.630859375,OnFace
47410,0.798828125,0.0625,0.630859375,OnFace
47642,0.798828125,0.0625,0.630859375,OnFace
47772,0.798828125,0.072265625,0.6328125,OnFace
47867,0.97265625,0.083984375,0.859375,OnFace
47973,1.01171875,0.2109375,1.123046875,Handling
48160,-0.23046875,-0.095703125,0.279296875,Handling
48277,-0.1484375,-0.71875,0.56640625,Handling
48459,0.498046875,-0.271484375,1.171875,Handling
48636,0.58984375,0.287109375,0.263671875,Handling
48748,0.302734375,-0.142578125,0.14453125,Handling
48842,0.302734375,-0.142578125,0.14453125,Rolling
49125,0.27734375,0.025390625,1.15234375,Rolling
49276,0.375,0.615234375,0.72265625,Rolling
49370,0.37890625,0.626953125,0.732421875,Rolling
49472,0.37890625,0.626953125,0.734375,OnFace
49655,0.37890625,0.626953125,0.734375,OnFace
49805,0.37890625,0.626953125,0.736328125,OnFace
49925,0.37890625,0.626953125,0.736328125,OnFace
50075,0.37890625,0.626953125,0.736328125,OnFace
50175,0.380859375,0.626953125,0.736328125,OnFace
50284,0.37890625,0.626953125,0.734375,OnFace
50594,0.37890625,0.626953125,0.734375,OnFace
50741,0.37890625,0.626953125,0.734375,OnFace
50853,0.37890625,0.626953125,0.734375,OnFace
50950,0.37890625,0.626953125,0.736328125,OnFace
51125,0.37890625,0.626953125,0.734375,OnFace
51235,0.37109375,0.62890625,0.734375,OnFace
51333,0.37109375,0.62890625,0.734375,OnFace
51429,0.58984375,0.7890625,1.138671875,OnFace
51641,0.318359375,0.408203125,0.87109375,Handling
51772,-0.0390625,-0.775390625,-0.38671875,Handling
51935,0.01953125,-1.107421875,-0.302734375,Handling
52121,1.029296875,-0.142578125,0.37109375,Handling
52219,1.009765625,-0.546875,0.517578125,Rolling
52318,1.009765625,-0.546875,0.517578125,Rolling
52414,0.505859375,-0.638671875,0.98046875,Rolling
52515,0.505859375,-0.638671875,0.98046875,Rolling
52614,-0.177734375,-0.9765625,-0.0390625,Rolling
52709,-0.306640625,-0.935546875,-0.115234375,Rolling
52807,-0.306640625,-0.935546875,-0.115234375,OnFace
52960,-0.30859375,-0.935546875,-0.115234375,OnFace
53105,-0.30859375,-0.935546875,-0.115234375,OnFace
53207,-0.30859375,-0.935546875,-0.115234375,OnFace
53411,-0.306640625,-0.935546875,-0.115234375,OnFace
53541,-0.306640625,-0.935546875,-0.115234375,OnFace
53638,-0.306640625,-0.935546875,-0.115234375,OnFace
53738,-0.306640625,-0.935546875,-0.115234375,OnFace
53839,-0.306640625,-0.935546875,-0.115234375,OnFace
53935,-0.306640625,-0.935546875,-0.115234375,OnFace
54033,-0.306640625,-0.935546875,-0.115234375,OnFace
54185,-0.306640625,-0.935546875,-0.115234375,OnFace
54285,-0.306640625,-0.935546875,-0.115234375,OnFace
54413,-0.306640625,-0.935546875,-0.115234375,OnFace
54512,-0.306640625,-0.935546875,-0.115234375,OnFace
54608,-0.306640625,-0.935546875,-0.11328125,OnFace
54707,-0.306640625,-0.935546875,-0.11328125,OnFace
54897,-0.306640625,-0.935546875,-0.115234375,OnFace
55015,-0.306640625,-0.935546875,-0.115234375,OnFace
55115,-0.306640625,-0.935546875,-0.115234375,OnFace
55267,-0.236328125,-0.95703125,-0.08984375,OnFace
55369,0.03515625,-1.32421875,0.15625,Handling
55601,0.302734375,-0.583984375,0.447265625,Handling
55734,-0.375,-0.53515625,0.375,Handling
55865,0.36328125,-1.1796875,0.658203125,Handling
56113,0.40234375,-0.91015625,0.10546875,Handling
56262,0.396484375,-0.916015625,0.1484375,OnFace
56409,0.396484375,-0.916015625,0.1484375,OnFace
56651,0.3984375,-0.916015625,0.146484375,OnFace
56914,0.3984375,-0.916015625,0.146484375,OnFace
57201,0.3984375,-0.9140625,0.146484375,OnFace
57304,0.3984375,-0.916015625,0.146484375,OnFace
57431,0.396484375,-0.916015625,0.1484375,OnFace
57531,0.3984375,-0.916015625,0.146484375,OnFace
57665,0.3984375,-0.916015625,0.146484375,OnFace
57816,0.3984375,-0.916015625,0.146484375,OnFace
57914,0.3984375,-0.916015625,0.146484375,OnFace
58088,0.396484375,-0.916015625,0.146484375,OnFace
58203,0.3984375,-0.9140625,0.146484375,OnFace
58303,0.3984375,-0.9140625,0.146484375,OnFace
58445,0.3984375,-0.916015625,0.146484375,OnFace
58596,0.3984375,-0.916015625,0.146484375,OnFace
58715,0.3984375,-0.916015625,0.146484375,OnFace
58813,0.396484375,-0.916015625,0.146484375,OnFace
58908,0.396484375,-0.916015625,0.146484375,OnFace
59075,0.3984375,-0.916015625,0.1484375,OnFace
59226,0.3984375,-0.916015625,0.146484375,OnFace
59345,0.3984375,-0.916015625,0.146484375,OnFace
59472,0.408203125,-0.923828125,0.0703125,OnFace
59569,0.408203125,-0.923828125,0.0703125,OnFace
59705,0.5390625,-0.978515625,0.453125,Handling
59856,0.16015625,-0.939453125,0.5390625,Handling
60038,0.244140625,-0.4921875,0.224609375,Handling
60185,0.75,-0.8203125,0.1875,Handling
60336,0.39453125,-0.916015625,0.142578125,Handling
60486,0.39453125,-0.916015625,0.142578125,Shifting
60587,0.39453125,-0.916015625,0.142578125,Shifting
60685,0.39453125,-0.916015625,0.142578125,Shifting
60846,0.39453125,-0.916015625,0.142578125,Shifting
61154,0.396484375,-0.916015625,0.142578125,Shifting
61391,0.39453125,-0.916015625,0.142578125,Shifting
61965,0.39453125,-0.916015625,0.140625,Shifting
62209,0.396484375,-0.916015625,0.142578125,Shifting
62346,0.396484375,-0.916015625,0.142578125,Shifting
62444,0.396484375,-0.916015625,0.142578125,Shifting
62682,0.396484375,-0.916015625,0.14453125,Shifting
62945,0.5,-0.87109375,0.18359375,Shifting
63092,0.5078125,-0.84765625,0.099609375,Shifting
63189,0.345703125,-0.9765625,0.05078125,Shifting
63287,0.345703125,-0.9765625,0.05078125,Shifting
63387,0.390625,-0.923828125,0.154296875,OnFace
63487,0.3984375,-0.9140625,0.1640625,OnFace
63584,0.3984375,-0.9140625,0.162109375,OnFace
63684,0.3984375,-0.9140625,0.162109375,OnFace
63814,0.3984375,-0.9140625,0.162109375,OnFace
63970,0.3984375,-0.9140625,0.162109375,OnFace
64085,0.3984375,-0.9140625,0.162109375,OnFace
64210,0.396484375,-0.9140625,0.162109375,OnFace
64310,0.3984375,-0.9140625,0.162109375,OnFace
64412,0.3984375,-0.9140625,0.162109375,OnFace
64566,0.3984375,-0.9140625,0.162109375,OnFace
64669,0.3984375,-0.9140625,0.1640625,OnFace
64765,0.3984375,-0.9140625,0.1640625,OnFace
64866,0.3984375,-0.9140625,0.162109375,OnFace
64965,0.3984375,-0.9140625,0.162109375,OnFace
65156,0.3984375,-0.9140625,0.162109375,OnFace
65276,0.3984375,-0.912109375,0.162109375,OnFace
65377,0.3984375,-0.912109375,0.162109375,OnFace
65495,0.3984375,-0.9140625,0.162109375,OnFace
65594,0.3984375,-0.9140625,0.162109375,OnFace
65693,0.220703125,-1.005859375,0.216796875,Shifting
65792,0.220703125,-1.005859375,0.216796875,Shifting
66033,0.66015625,-0.83203125,-0.001953125,Shifting
66167,0.517578125,-0.857421875,-0.01171875,Shifting
66391,0.408203125,-0.9140625,0.13671875,OnFace
66529,0.408203125,-0.9140625,0.13671875,OnFace
66634,0.408203125,-0.9140625,0.13671875,OnFace
66731,0.408203125,-0.9140625,0.13671875,OnFace
66845,0.408203125,-0.9140625,0.13671875,OnFace
66965,0.408203125,-0.9140625,0.13671875,OnFace
67096,0.408203125,-0.9140625,0.13671875,OnFace
67322,0.408203125,-0.9140625,0.13671875,OnFace
67502,0.408203125,-0.9140625,0.13671875,OnFace
67601,0.408203125,-0.9140625,0.13671875,OnFace
67700,0.408203125,-0.9140625,0.13671875,OnFace
67799,0.408203125,-0.9140625,0.13671875,OnFace
67924,0.408203125,-0.9140625,0.134765625,OnFace
68108,0.408203125,-0.9140625,0.134765625,OnFace
68227,0.44921875,-1.25390625,0.4609375,Handling
68326,-0.22265625,-0.58984375,0.083984375,Handling
68532,0.671875,-0.625,0.212890625,Handling
68676,0.412109375,-0.9140625,0.16015625,Handling
68775,0.412109375,-0.9140625,0.16015625,Handling
68915,0.3984375,-0.916015625,0.146484375,OnFace
69012,0.3984375,-0.916015625,0.146484375,OnFace
69110,0.3984375,-0.9140625,0.146484375,OnFace
69209,0.3984375,-0.916015625,0.146484375,OnFace
69304,0.3984375,-0.916015625,0.146484375,OnFace
69424,0.3984375,-0.916015625,0.146484375,OnFace
69577,0.3984375,-0.916015625,0.146484375,OnFace
69674,0.3984375,-0.916015625,0.146484375,OnFace
69773,0.3984375,-0.916015625,0.146484375,OnFace
69873,0.3984375,-0.916015625,0.146484375,OnFace
69968,0.3984375,-0.9140625,0.146484375,OnFace
70242,0.3984375,-0.916015625,0.146484375,OnFace
70425,0.3984375,-0.9140625,0.146484375,OnFace
70521,0.3984375,-0.916015625,0.146484375,OnFace
70621,0.3984375,-0.916015625,0.146484375,OnFace
70777,0.3984375,-0.916015625,0.146484375,OnFace
70955,0.3984375,-0.9140625,0.146484375,OnFace
71070,0.3984375,-0.916015625,0.146484375,OnFace
71167,0.3984375,-0.916015625,0.146484375,OnFace
71265,0.3984375,-0.916015625,0.146484375,OnFace
71526,0.423828125,-0.876953125,0.193359375,OnFace
71763,0.3203125,-1.04296875,0.470703125,Handling
71952,-0.37109375,0.384765625,-0.0234375,Handling
72059,-0.337890625,0.947265625,-0.05078125,Handling
72214,-0.46484375,1,0.048828125,Handling
72367,-0.08984375,0.84765625,0.2734375,Handling
72484,-0.08984375,0.84765625,0.2734375,Handling
72625,0.08203125,0.94140625,0.5,Handling
72723,0.05859375,0.951171875,0.462890625,Handling
72943,-0.1484375,0.8359375,0.1953125,Handling
73211,0.73046875,-0.6875,-0.416015625,Handling
73362,0.732421875,-0.740234375,0.0546875,Handling
73508,0.70703125,-0.470703125,-0.287109375,Handling
73936,0.650390625,0.40625,0.556640625,Handling
74093,-0.091796875,-0.251953125,0.783203125,Handling
74194,-0.142578125,-0.353515625,0.970703125,Handling
74326,-0.177734375,0.748046875,0.396484375,Handling
74530,-0.625,0.359375,-0.669921875,Handling
74673,-0.625,0.359375,-0.669921875,Handling
74768,-0.412109375,0.40234375,-0.8125,Handling
74919,0.4921875,0.57421875,-0.6171875,Handling
75066,0.9296875,0.201171875,-0.35546875,Handling
75161,0.716796875,0.052734375,-0.19140625,Handling
75273,0.716796875,0.052734375,-0.19140625,Handling
75426,0.6875,0.640625,-0.42578125,Handling
75522,0.408203125,1.08984375,-0.412109375,Handling
75698,-0.033203125,0.953125,-0.359375,Handling
75814,-0.19140625,1.01171875,-0.041015625,Handling
75938,-0.19140625,1.01171875,-0.041015625,Handling
76088,-0.146484375,0.98828125,-0.158203125,Handling
76221,-0.40625,0.970703125,-0.09375,Handling
76320,-0.3046875,0.970703125,-0.091796875,Handling
76416,-0.3046875,0.970703125,-0.091796875,Handling
76515,-0.353515625,0.962890625,-0.107421875,Handling
76614,-0.353515625,0.962890625,-0.107421875,OnFace
76709,-0.349609375,0.9609375,-0.10546875,OnFace
76837,-0.349609375,0.962890625,-0.10546875,OnFace
76939,-0.349609375,0.962890625,-0.10546875,OnFace
77037,-0.349609375,0.962890625,-0.10546875,OnFace
77138,-0.34765625,0.962890625,-0.10546875,OnFace
77237,-0.34765625,0.962890625,-0.10546875,OnFace
77332,-0.349609375,0.962890625,-0.10546875,OnFace
77583,-0.349609375,0.962890625,-0.10546875,OnFace
77763,-0.349609375,0.96484375,-0.10546875,OnFace
77861,-0.349609375,0.96484375,-0.10546875,OnFace
77955,-0.349609375,0.962890625,-0.10546875,OnFace
78053,-0.349609375,0.962890625,-0.10546875,OnFace
78151,-0.349609375,0.962890625,-0.10546875,OnFace
78246,-0.349609375,0.962890625,-0.10546875,OnFace
78343,-0.349609375,0.962890625,-0.10546875,OnFace
78442,-0.349609375,0.96484375,-0.10546875,OnFace
78537,-0.349609375,0.962890625,-0.10546875,OnFace
78635,-0.349609375,0.962890625,-0.10546875,OnFace
78732,-0.349609375,0.962890625,-0.103515625,OnFace
78827,-0.349609375,0.962890625,-0.103515625,OnFace
78925,-0.25390625,0.8671875,0.02734375,OnFace
79089,0.44921875,0.94921875,0.11328125,Handling
79207,0.5234375,1.27734375,-0.0078125,Handling
79305,0.66796875,0.6015625,-0.060546875,Handling
79413,0.66796875,0.6015625,-0.060546875,Handling
79786,0.07421875,-1.40234375,0.53125,Shaking
79953,0.60546875,-0.806640625,0.20703125,Shaking
80450,0.6953125,-0.578125,-0.29296875,Shaking
80691,-0.15625,-0.57421875,-0.095703125,Shaking
80789,0.8125,-0.443359375,1.048828125,Shaking
80887,0.234375,0.51953125,0.55859375,Shaking
81377,0.048828125,-0.63671875,0.0234375,Shaking
81655,-0.505859375,-0.74609375,0.12890625,Shaking
81787,1.40234375,-0.619140625,0.15234375,Shaking
81909,-0.662109375,-0.10546875,1.060546875,Shaking
82023,-0.44921875,-0.880859375,0.7578125,Shaking
82178,0.734375,-0.517578125,0.544921875,Shaking
82280,-0.251953125,-0.875,0.873046875,Shaking
82511,-0.20703125,0.60546875,0.19921875,Shaking
82654,0.2421875,-0.4453125,-0.490234375,Shaking
82821,0.294921875,-0.193359375,0.79296875,Shaking
83173,0.212890625,0.357421875,0.494140625,Shaking
83376,0.34375,-1.03515625,0.18359375,Shaking
83590,0.8984375,0.423828125,0.740234375,Shaking
83738,-0.349609375,-0.22265625,0.521484375,Shaking
84035,0.595703125,0.052734375,-0.43359375,Shaking
84212,0.005859375,-1.52734375,0.287109375,Shaking
84367,-0.185546875,0.21484375,-0.13671875,Shaking
84548,1.025390625,-1.353515625,0.40234375,Shaking
84727,0.458984375,0.015625,0.251953125,Shaking
84878,0.4921875,-0.744140625,0.388671875,Shaking
85122,0.2109375,-0.908203125,0.6015625,Shaking
85453,1.134765625,-0.61328125,0.57421875,Shaking
85602,0.740234375,-0.251953125,0.857421875,Rolling
85697,0.740234375,-0.251953125,0.857421875,Rolling
85794,-0.060546875,-0.58203125,-0.205078125,Rolling
85991,-0.357421875,-0.6328125,-0.681640625,Rolling
86224,-0.35546875,-0.634765625,-0.6796875,OnFace
86353,-0.35546875,-0.634765625,-0.681640625,OnFace
86462,-0.35546875,-0.634765625,-0.6796875,OnFace
86775,-0.35546875,-0.634765625,-0.6796875,OnFace
86943,-0.35546875,-0.634765625,-0.6796875,OnFace
87065,-0.35546875,-0.634765625,-0.6796875,OnFace
87163,-0.35546875,-0.634765625,-0.6796875,OnFace
87259,-0.35546875,-0.634765625,-0.681640625,OnFace
87362,-0.35546875,-0.634765625,-0.681640625,OnFace
87551,-0.357421875,-0.634765625,-0.6796875,OnFace
87697,-0.35546875,-0.634765625,-0.6796875,OnFace
87964,-0.357421875,-0.634765625,-0.6796875,OnFace
88122,-0.35546875,-0.634765625,-0.6796875,OnFace
88222,-0.3125,-0.654296875,-0.693359375,OnFace
88319,-0.421875,-0.728515625,-0.908203125,OnFace
88420,-0.421875,-0.728515625,-0.908203125,Handling
88627,0.287109375,-0.369140625,0.5546875,Handling
88779,0.697265625,-0.3828125,0.4765625,Handling
88882,0.78125,-0.416015625,0.537109375,Handling
88986,0.78125,-0.416015625,0.537109375,Handling
89386,0.287109375,0.041015625,0.34375,Rolling
89623,1.013671875,0.025390625,-0.06640625,Rolling
89853,1.013671875,0.025390625,-0.06640625,OnFace
89983,1.013671875,0.025390625,-0.064453125,OnFace
90081,1.013671875,0.025390625,-0.064453125,OnFace
90182,1.013671875,0.025390625,-0.06640625,OnFace
90432,1.013671875,0.025390625,-0.064453125,OnFace
90609,1.013671875,0.02734375,-0.064453125,OnFace
90712,1.013671875,0.02734375,-0.064453125,OnFace
90815,1.013671875,0.025390625,-0.064453125,OnFace
90916,1.013671875,0.025390625,-0.06640625,OnFace
91016,1.013671875,0.025390625,-0.06640625,OnFace
91115,1.013671875,0.025390625,-0.06640625,OnFace
91210,1.013671875,0.025390625,-0.06640625,OnFace
91309,1.013671875,0.025390625,-0.064453125,OnFace
91408,1.013671875,0.025390625,-0.064453125,OnFace
91504,1.013671875,0.025390625,-0.064453125,OnFace
91602,1.0390625,0.044921875,-0.095703125,OnFace
91703,1.0390625,0.044921875,-0.095703125,Handling
91799,1.359375,0.232421875,-0.38671875,Handling
91897,1.359375,0.232421875,-0.38671875,Handling
91997,0.314453125,0.568359375,-0.625,Handling
92324,0.095703125,0.146484375,0.072265625,Handling
92471,0.115234375,0.01953125,0.048828125,Rolling
92569,-0.138671875,-0.453125,-0.298828125,Rolling
92664,-0.36328125,-0.625,-0.689453125,Rolling
92761,-0.36328125,-0.625,-0.689453125,Rolling
92859,-0.357421875,-0.595703125,-0.71484375,OnFace
93003,-0.357421875,-0.595703125,-0.71484375,OnFace
93119,-0.357421875,-0.595703125,-0.71484375,OnFace
93219,-0.357421875,-0.595703125,-0.71484375,OnFace
93318,-0.357421875,-0.595703125,-0.71484375,OnFace
93413,-0.357421875,-0.595703125,-0.71484375,OnFace
93511,-0.357421875,-0.595703125,-0.71484375,OnFace
93610,-0.359375,-0.59375,-0.71484375,OnFace
93706,-0.359375,-0.59375,-0.71484375,OnFace
93805,-0.357421875,-0.595703125,-0.71484375,OnFace
93903,-0.357421875,-0.595703125,-0.71484375,OnFace
93999,-0.357421875,-0.595703125,-0.71484375,OnFace
94096,-0.3984375,-0.537109375,-0.740234375,OnFace
94195,-0.3984375,-0.537109375,-0.740234375,OnFace
94290,-0.392578125,-0.88671875,-0.509765625,Handling
94388,-0.392578125,-0.88671875,-0.509765625,Handling
94526,-0.576171875,-0.833984375,-0.25390625,Handling
94626,-0.83984375,-1.04296875,0.978515625,Handling
94749,0.435546875,-0.421875,0.78125,Rolling
94848,0.283203125,-0.361328125,0.4921875,Rolling
94985,0.283203125,-0.361328125,0.4921875,Rolling
95080,0.625,0.119140625,0.2890625,Rolling
95229,-0.677734375,0.5546875,-0.267578125,Rolling
95411,-0.52734375,0.78125,0.005859375,Rolling
95527,-0.35546875,0.94140625,-0.193359375,Rolling
95675,-0.361328125,0.955078125,-0.13671875,OnFace
95793,-0.361328125,0.955078125,-0.13671875,OnFace
95888,-0.359375,0.955078125,-0.134765625,OnFace
95987,-0.359375,0.95703125,-0.1328125,OnFace
96191,-0.359375,0.95703125,-0.134765625,OnFace
96310,-0.359375,0.955078125,-0.134765625,OnFace
96453,-0.359375,0.955078125,-0.134765625,OnFace
96577,-0.318359375,0.982421875,-0.056640625,OnFace
96694,-0.318359375,0.982421875,-0.056640625,Handling
96794,-0.439453125,0.904296875,-0.14453125,Handling
96893,-0.47265625,1.21484375,0.095703125,Handling
97063,-0.47265625,1.21484375,0.095703125,Handling
97209,0.158203125,1.17578125,-0.013671875,Handling
97325,0.544921875,0.58984375,0.642578125,Handling
97475,0.41796875,0.125,0.955078125,Handling
97595,0.244140625,-0.314453125,0.876953125,Handling
97695,0.244140625,-0.314453125,0.876953125,Rolling
97802,1.80078125,-1.33984375,0.701171875,Rolling
97956,0.427734375,-0.07421875,0.2890625,Rolling
98102,-0.1640625,0.341796875,-0.5859375,Rolling
98282,-0.01953125,0.541015625,-0.861328125,Rolling
98406,-0.337890625,0.603515625,-0.716796875,Rolling
98588,-0.369140625,0.611328125,-0.712890625,OnFace
98735,-0.37109375,0.61328125,-0.712890625,OnFace
99006,-0.37109375,0.61328125,-0.712890625,OnFace
99155,-0.37109375,0.611328125,-0.712890625,OnFace
99253,-0.37109375,0.611328125,-0.712890625,OnFace
99400,-0.37109375,0.611328125,-0.712890625,OnFace
99612,-0.37109375,0.611328125,-0.712890625,OnFace
99745,-0.37109375,0.611328125,-0.71484375,OnFace
99844,-0.37109375,0.611328125,-0.71484375,OnFace
99995,-0.37109375,0.61328125,-0.712890625,OnFace
100235,-0.37109375,0.61328125,-0.712890625,OnFace
100378,-0.30859375,0.80078125,-1.140625,Handling
100472,0.314453125,0.25390625,-0.87890625,Handling
100599,0.7109375,-0.322265625,0.04296875,Handling
100716,0.11328125,0.212890625,0.98046875,Handling
100865,0.11328125,0.212890625,0.98046875,Handling
100968,0.47265625,-0.451171875,0.412109375,Handling
101071,0.662109375,-1.578125,0.974609375,Rolling
101228,0.005859375,0.482421875,0.248046875,Rolling
101326,0.0703125,1.037109375,-0.0234375,Rolling
101494,0.3984375,0.94921875,0.150390625,Rolling
101597,0.353515625,0.982421875,0.134765625,Rolling
101735,0.353515625,0.982421875,0.13671875,OnFace
101886,0.353515625,0.982421875,0.13671875,OnFace
102069,0.353515625,0.982421875,0.134765625,OnFace
102185,0.353515625,0.982421875,0.134765625,OnFace
102366,0.353515625,0.982421875,0.134765625,OnFace
102515,0.353515625,0.982421875,0.134765625,OnFace
102694,0.353515625,0.982421875,0.1328125,OnFace
102814,0.353515625,0.982421875,0.1328125,OnFace
102944,0.3515625,0.982421875,0.134765625,OnFace
103042,0.353515625,0.982421875,0.134765625,OnFace
103185,0.3515625,0.982421875,0.134765625,OnFace
103284,0.3515625,0.982421875,0.134765625,OnFace
103380,0.353515625,0.982421875,0.134765625,OnFace
103478,0.353515625,0.982421875,0.134765625,OnFace
103593,0.353515625,0.982421875,0.134765625,OnFace
103905,0.76953125,1.177734375,-0.15234375,Handling
104070,0.666015625,0.45703125,-0.58984375,Handling
104168,0.666015625,0.45703125,-0.58984375,Handling
104266,-0.337890625,-0.072265625,-0.623046875,Handling
104367,-0.337890625,-0.072265625,-0.623046875,Handling
104467,0.04296875,-0.49609375,-0.853515625,Handling
104585,-0.16796875,-0.20703125,-0.8125,Handling
104738,-0.1328125,0.021484375,0.1640625,Rolling
104849,0.4921875,-0.369140625,0.294921875,Rolling
105005,-0.07421875,-1.013671875,-0.205078125,Rolling
105101,-0.341796875,-0.919921875,-0.11328125,Rolling
105200,-0.341796875,-0.919921875,-0.11328125,Rolling
105366,-0.3203125,-0.93359375,-0.107421875,OnFace
105520,-0.3203125,-0.93359375,-0.107421875,OnFace
105627,-0.3203125,-0.93359375,-0.10546875,OnFace
105759,-0.318359375,-0.93359375,-0.107421875,OnFace
105853,-0.3203125,-0.93359375,-0.10546875,OnFace
106062,-0.3203125,-0.93359375,-0.10546875,OnFace
106184,-0.3203125,-0.93359375,-0.107421875,OnFace
106291,-0.3203125,-0.93359375,-0.107421875,OnFace
106415,-0.3203125,-0.93359375,-0.10546875,OnFace
106653,-0.291015625,-0.97265625,-0.11328125,OnFace
106869,0.111328125,-1.26171875,-0.49609375,Handling
107013,0.119140625,-0.392578125,0.26171875,Handling
107262,0.525390625,-1.2578125,0.28125,Handling
107407,0.22265625,-0.9140625,0.125,Handling
107524,0.40234375,-0.9140625,0.15234375,Handling
107645,0.404296875,-0.9140625,0.150390625,OnFace
107744,0.404296875,-0.9140625,0.150390625,OnFace
107839,0.404296875,-0.9140625,0.150390625,OnFace
107943,0.404296875,-0.9140625,0.150390625,OnFace
108065,0.404296875,-0.9140625,0.150390625,OnFace
108234,0.40234375,-0.9140625,0.150390625,OnFace
108332,0.404296875,-0.9140625,0.1484375,OnFace
108454,0.404296875,-0.9140625,0.1484375,OnFace
108555,0.404296875,-0.912109375,0.150390625,OnFace
108668,0.404296875,-0.9140625,0.150390625,OnFace
108815,0.404296875,-0.9140625,0.150390625,OnFace
108965,0.404296875,-0.9140625,0.150390625,OnFace
109086,0.404296875,-0.9140625,0.150390625,OnFace
109187,0.404296875,-0.9140625,0.1484375,OnFace
109288,0.404296875,-0.9140625,0.1484375,OnFace
109383,0.404296875,-0.9140625,0.150390625,OnFace
109483,0.404296875,-0.9140625,0.150390625,OnFace
109601,0.404296875,-0.9140625,0.150390625,OnFace
109697,0.404296875,-0.9140625,0.150390625,OnFace
109797,0.404296875,-0.9140625,0.150390625,OnFace
109898,0.404296875,-0.9140625,0.150390625,OnFace
109995,0.404296875,-0.9140625,0.150390625,OnFace
110094,0.40234375,-1.001953125,0.0625,Shifting
110196,0.314453125,-0.896484375,0.5,Shifting
110376,0.5078125,-0.791015625,0.310546875,Shifting
110492,0.4765625,-0.904296875,0.056640625,Shifting
110592,0.404296875,-0.912109375,0.171875,Shifting
110690,0.404296875,-0.912109375,0.171875,Shifting
110790,0.39453125,-0.916015625,0.15234375,Shifting
110890,0.39453125,-0.916015625,0.15234375,OnFace
111003,0.39453125,-0.916015625,0.150390625,OnFace
111156,0.39453125,-0.916015625,0.150390625,OnFace
111255,0.396484375,-0.916015625,0.15234375,OnFace
111354,0.396484375,-0.9140625,0.15234375,OnFace
111450,0.396484375,-0.9140625,0.15234375,OnFace
111549,0.396484375,-0.916015625,0.15234375,OnFace
111651,0.396484375,-0.916015625,0.15234375,OnFace
111747,0.396484375,-0.916015625,0.15234375,OnFace
111869,0.396484375,-0.916015625,0.15234375,OnFace
111969,0.396484375,-0.9140625,0.15234375,OnFace
112118,0.396484375,-0.916015625,0.150390625,OnFace
112237,0.396484375,-0.9140625,0.15234375,OnFace
112384,0.564453125,-1.029296875,0.046875,Shifting
112756,0.50390625,-0.65234375,-0.2421875,Shifting
112925,0.50390625,-0.65234375,-0.2421875,Shifting
113025,0.517578125,-1.01953125,0.005859375,Shifting
113121,0.451171875,-1.001953125,0.162109375,Shifting
113223,0.451171875,-1.001953125,0.162109375,Shifting
113374,0.390625,-0.91796875,0.146484375,Shifting
113495,0.390625,-0.916015625,0.146484375,OnFace
113592,0.390625,-0.91796875,0.1484375,OnFace
113861,0.390625,-0.91796875,0.146484375,OnFace
114004,0.390625,-0.916015625,0.146484375,OnFace
114159,0.390625,-0.91796875,0.146484375,OnFace
114308,0.390625,-0.91796875,0.146484375,OnFace
114413,0.390625,-0.916015625,0.146484375,OnFace
114509,0.390625,-0.916015625,0.146484375,OnFace
114606,0.390625,-0.91796875,0.146484375,OnFace
114755,0.390625,-0.916015625,0.146484375,OnFace
114874,0.390625,-0.916015625,0.1484375,OnFace
114972,0.390625,-0.91796875,0.146484375,OnFace
115070,0.390625,-0.91796875,0.146484375,OnFace
115167,0.390625,-0.91796875,0.146484375,OnFace
115267,0.390625,-0.91796875,0.146484375,OnFace
115366,0.390625,-0.91796875,0.146484375,OnFace
115461,0.375,-0.919921875,0.142578125,OnFace
115563,0.375,-0.919921875,0.142578125,OnFace
115662,0.3671875,-0.96875,-0.12890625,Shifting
115763,0.3671875,-0.96875,-0.12890625,Shifting
115863,0.34375,-0.9140625,0.171875,Shifting
115962,0.44140625,-0.892578125,0.2421875,Shifting
116060,0.44140625,-0.892578125,0.2421875,Shifting
116195,0.404296875,-0.9140625,0.140625,Shifting
116292,0.412109375,-0.912109375,0.14453125,OnFace
116392,0.412109375,-0.912109375,0.14453125,OnFace
116489,0.41015625,-0.912109375,0.146484375,OnFace
116590,0.412109375,-0.912109375,0.14453125,OnFace
116695,0.412109375,-0.912109375,0.14453125,OnFace
116815,0.41015625,-0.9140625,0.14453125,OnFace
116913,0.41015625,-0.9140625,0.14453125,OnFace
117061,0.41015625,-0.9140625,0.14453125,OnFace
117156,0.412109375,-0.912109375,0.14453125,OnFace
117274,0.412109375,-0.912109375,0.14453125,OnFace
117402,0.41015625,-0.912109375,0.14453125,OnFace
117500,0.412109375,-0.912109375,0.146484375,OnFace
117634,0.412109375,-0.912109375,0.146484375,OnFace
117755,0.41015625,-0.912109375,0.14453125,OnFace
117882,0.412109375,-0.912109375,0.14453125,OnFace
117980,0.41015625,-0.912109375,0.14453125,OnFace
118078,0.41015625,-0.912109375,0.14453125,OnFace
118175,0.41015625,-0.912109375,0.14453125,OnFace
118276,0.41015625,-0.912109375,0.14453125,OnFace
118510,0.412109375,-0.9140625,0.14453125,OnFace
118624,0.66015625,-0.880859375,-0.021484375,Handling
118719,0.66015625,-0.880859375,-0.021484375,Handling
118818,-0.37109375,0.37890625,-0.712890625,Handling
118917,-0.37109375,0.37890625,-0.712890625,Handling
119013,-0.33203125,0.60546875,-0.544921875,Handling
119252,0.044921875,0.86328125,-0.6875,Handling
119392,-0.0703125,0.826171875,-0.470703125,Handling
119487,-0.375,0.62890625,-0.697265625,Handling
119586,-0.375,0.62890625,-0.697265625,Handling
119685,-0.36328125,0.60546875,-0.72265625,OnFace
119781,-0.36328125,0.60546875,-0.72265625,OnFace
119881,-0.36328125,0.60546875,-0.72265625,OnFace
119980,-0.36328125,0.60546875,-0.72265625,OnFace
120093,-0.36328125,0.60546875,-0.72265625,OnFace
120189,-0.36328125,0.603515625,-0.72265625,OnFace
120336,-0.36328125,0.603515625,-0.72265625,OnFace
120524,-0.36328125,0.60546875,-0.72265625,OnFace
120640,-0.36328125,0.60546875,-0.72265625,OnFace
120737,-0.36328125,0.60546875,-0.72265625,OnFace
120837,-0.36328125,0.60546875,-0.72265625,OnFace
120932,-0.36328125,0.60546875,-0.72265625,OnFace
121030,-0.36328125,0.60546875,-0.72265625,OnFace
121135,-0.36328125,0.60546875,-0.72265625,OnFace
121256,-0.36328125,0.60546875,-0.72265625,OnFace
121355,-0.369140625,0.6484375,-0.6875,OnFace
121457,-0.369140625,0.6484375,-0.6875,Shifting
121554,-0.3671875,0.611328125,-0.80078125,Shifting
121652,-0.533203125,0.525390625,-0.490234375,Shifting
121751,-0.533203125,0.525390625,-0.490234375,Shifting
121846,-0.498046875,0.5625,-0.04296875,Shifting
122016,0.19921875,0.974609375,0.056640625,Shifting
122141,0.34765625,0.986328125,0.115234375,Shifting
122237,0.345703125,0.986328125,0.11328125,Shifting
122336,0.345703125,0.986328125,0.11328125,OnFace
122435,0.345703125,0.986328125,0.115234375,OnFace
122533,0.345703125,0.986328125,0.115234375,OnFace
122628,0.34765625,0.986328125,0.11328125,OnFace
122727,0.34765625,0.986328125,0.11328125,OnFace
122857,0.345703125,0.986328125,0.11328125,OnFace
122974,0.34765625,0.986328125,0.11328125,OnFace
123094,0.345703125,0.986328125,0.11328125,OnFace
123193,0.345703125,0.986328125,0.11328125,OnFace
123333,0.345703125,0.986328125,0.11328125,OnFace
123488,0.34765625,0.986328125,0.11328125,OnFace
123602,0.345703125,0.986328125,0.11328125,OnFace
123698,0.345703125,0.986328125,0.11328125,OnFace
123798,0.345703125,0.986328125,0.11328125,OnFace
123899,0.345703125,0.986328125,0.11328125,OnFace
123999,0.34765625,0.986328125,0.11328125,OnFace
124145,0.345703125,0.986328125,0.11328125,OnFace
124269,0.345703125,0.986328125,0.11328125,OnFace
124384,0.345703125,0.986328125,0.11328125,OnFace
124505,0.34765625,0.986328125,0.11328125,OnFace
124603,0.345703125,0.986328125,0.11328125,OnFace
124701,0.345703125,0.986328125,0.11328125,OnFace
124796,0.34765625,0.986328125,0.11328125,OnFace
124894,0.349609375,0.98828125,0.115234375,OnFace
125018,0.349609375,0.98828125,0.115234375,OnFace
125252,0.2734375,1.388671875,-0.01953125,Handling
125396,0.2734375,1.388671875,-0.01953125,Handling
125527,-0.080078125,0.58203125,-0.041015625,Handling
125674,-0.263671875,0.529296875,0.19921875,Handling
125827,-0.30859375,1.20703125,0.462890625,Handling
125953,-0.232421875,0.8828125,-0.134765625,Handling
126050,-0.349609375,0.9609375,-0.119140625,Handling
126149,-0.349609375,0.9609375,-0.119140625,OnFace
126249,-0.349609375,0.9609375,-0.119140625,OnFace
126348,-0.349609375,0.9609375,-0.119140625,OnFace
126490,-0.349609375,0.9609375,-0.119140625,OnFace
126605,-0.349609375,0.9609375,-0.119140625,OnFace
126757,-0.349609375,0.9609375,-0.119140625,OnFace
126881,-0.349609375,0.9609375,-0.119140625,OnFace
126979,-0.349609375,0.9609375,-0.119140625,OnFace
127146,-0.349609375,0.9609375,-0.119140625,OnFace
127262,-0.349609375,0.9609375,-0.119140625,OnFace
127361,-0.349609375,0.9609375,-0.1171875,OnFace
127460,-0.349609375,0.9609375,-0.119140625,OnFace
127554,-0.349609375,0.9609375,-0.119140625,OnFace
127652,-0.349609375,0.9609375,-0.119140625,OnFace
127903,-0.349609375,0.9609375,-0.119140625,OnFace
128042,-0.349609375,0.9609375,-0.119140625,OnFace
128140,-0.3515625,0.9609375,-0.119140625,OnFace
128239,-0.3515625,0.9609375,-0.119140625,OnFace
128341,-0.3515625,0.9609375,-0.119140625,OnFace
128463,-0.349609375,0.9609375,-0.119140625,OnFace
128614,-0.3515625,0.9609375,-0.119140625,OnFace
128794,-0.3515625,0.9609375,-0.119140625,OnFace
128908,-0.349609375,0.9609375,-0.119140625,OnFace
129008,-0.349609375,0.9609375,-0.119140625,OnFace
129109,-0.349609375,0.9609375,-0.1171875,OnFace
129206,-0.349609375,0.9609375,-0.119140625,OnFace
129306,-0.349609375,0.9609375,-0.119140625,OnFace
129406,-0.349609375,0.9609375,-0.119140625,OnFace
129545,-0.349609375,0.9609375,-0.119140625,OnFace
129665,-0.349609375,0.9609375,-0.119140625,OnFace
129763,-0.349609375,0.9609375,-0.119140625,OnFace
129905,-0.349609375,0.9609375,-0.119140625,OnFace
130058,-0.3515625,0.9609375,-0.119140625,OnFace
130209,-0.408203125,0.94140625,-0.1875,OnFace
130305,-0.765625,1.00390625,-0.033203125,Handling
130510,-0.064453125,1.404296875,0.60546875,Handling
130660,0.099609375,-0.33203125,0.611328125,Handling
130995,-0.09375,-0.12109375,0.1171875,Shaking
131163,0.94140625,0.236328125,0.736328125,Shaking
131261,-0.404296875,-0.14453125,0.517578125,Shaking
131557,0.724609375,-0.515625,0.642578125,Shaking
131767,-0.296875,0.359375,0.3984375,Shaking
131895,0.224609375,0.3984375,-0.091796875,Shaking
132067,-0.41796875,0.25,0.45703125,Shaking
132303,-0.724609375,-0.513671875,0.46484375,Shaking
132485,0.75,-0.53125,0.564453125,Shaking
132636,0.421875,-0.130859375,0.439453125,Shaking
132847,-0.138671875,-0.341796875,0.46484375,Shaking
133057,0.634765625,-0.115234375,0.4140625,Shaking
133183,0,0.5546875,0.390625,Shaking
133360,-0.2265625,-0.763671875,0.634765625,Shaking
133477,0.3359375,0.041015625,0.51171875,Shaking
133650,0.8359375,-0.15625,0.45703125,Rolling
133809,-0.28515625,0.26171875,0.455078125,Rolling
134175,0.388671875,0.623046875,0.734375,Rolling
134344,0.388671875,0.623046875,0.734375,OnFace
134546,0.388671875,0.623046875,0.734375,OnFace
134680,0.388671875,0.623046875,0.734375,OnFace
134778,0.388671875,0.623046875,0.734375,OnFace
134946,0.388671875,0.623046875,0.734375,OnFace
135056,0.388671875,0.623046875,0.734375,OnFace
135156,0.388671875,0.623046875,0.734375,OnFace
135289,0.388671875,0.623046875,0.734375,OnFace
135455,0.388671875,0.623046875,0.734375,OnFace
135562,0.388671875,0.625,0.734375,OnFace
135661,0.388671875,0.623046875,0.734375,OnFace
135757,0.388671875,0.623046875,0.734375,OnFace
135906,0.388671875,0.623046875,0.734375,OnFace
136009,0.140625,0.61328125,0.74609375,OnFace
136114,0.3671875,1.306640625,1.060546875,Handling
136299,0.60546875,-0.294921875,0.19140625,Handling
136478,-0.52734375,1.23046875,-0.619140625,Shaking
136628,1.23046875,0.2578125,0.326171875,Shaking
136741,0.103515625,-1.603515625,0.810546875,Shaking
136960,1.4453125,-0.638671875,-0.00390625,Shaking
137097,0.16796875,-0.439453125,0.650390625,Shaking
137195,-0.05859375,-0.96875,0.734375,Shaking
137316,-0.05859375,-0.96875,0.734375,Shaking
137562,-0.03515625,-0.513671875,0.0703125,Rolling
137802,-0.771484375,-0.013671875,-0.611328125,Rolling
137945,-0.775390625,-0.025390625,-0.609375,OnFace
138249,-0.775390625,-0.025390625,-0.609375,OnFace
138391,-0.775390625,-0.025390625,-0.609375,OnFace
138489,-0.7734375,-0.02734375,-0.609375,OnFace
138587,-0.775390625,-0.025390625,-0.609375,OnFace
138684,-0.775390625,-0.025390625,-0.609375,OnFace
138826,-0.775390625,-0.025390625,-0.609375,OnFace
138931,-0.7734375,-0.025390625,-0.607421875,OnFace
139031,-0.7734375,-0.025390625,-0.607421875,OnFace
139145,-0.775390625,-0.02734375,-0.609375,OnFace
139243,-0.7734375,-0.02734375,-0.609375,OnFace
139356,-0.76953125,-0.025390625,-0.607421875,OnFace
139505,-0.76953125,-0.025390625,-0.607421875,OnFace
139784,-1.337890625,0.5703125,-1.087890625,Handling
139942,0.169921875,0.232421875,0.451171875,Handling
140110,0.078125,-0.5703125,-1.25,Shaking
140341,-0.2734375,0.548828125,0.392578125,Shaking
140481,0.091796875,0.19140625,0.02734375,Shaking
140645,-0.431640625,0.638671875,-0.109375,Shaking
140892,-0.203125,-0.599609375,0.427734375,Shaking
141222,0.330078125,0.015625,-0.572265625,Shaking
141385,-0.654296875,-0.671875,1.197265625,Shaking
141482,-0.654296875,-0.671875,1.197265625,Rolling
141581,-0.23828125,-0.142578125,0.208984375,Rolling
141789,-0.0703125,0.5,0.376953125,Rolling
141918,-0.404296875,0.892578125,-0.18359375,Rolling
142016,-0.33984375,0.96484375,-0.119140625,OnFace
142119,-0.33984375,0.962890625,-0.12109375,OnFace
142237,-0.33984375,0.962890625,-0.12109375,OnFace
142336,-0.33984375,0.96484375,-0.12109375,OnFace
142436,-0.33984375,0.96484375,-0.12109375,OnFace
142556,-0.33984375,0.962890625,-0.119140625,OnFace
142655,-0.33984375,0.96484375,-0.119140625,OnFace
142836,-0.337890625,0.96484375,-0.119140625,OnFace
142955,-0.337890625,0.96484375,-0.119140625,OnFace
143224,-0.33984375,0.96484375,-0.119140625,OnFace
143374,-0.33984375,0.96484375,-0.119140625,OnFace
143469,-0.337890625,0.962890625,-0.12109375,OnFace
143568,-0.3203125,0.97265625,-0.10546875,OnFace
143667,-0.3203125,0.97265625,-0.10546875,OnFace
143761,-0.162109375,1.01953125,0.060546875,Handling
143936,-0.482421875,1.376953125,-0.37890625,Handling
144034,-0.408203125,0.740234375,0.05078125,Handling
144186,0.564453125,-0.650390625,0.494140625,Handling
144283,0.580078125,-0.63671875,0.625,Handling
144425,0.580078125,-0.63671875,0.625,Handling
144526,0.060546875,-0.267578125,0.435546875,Rolling
144782,-0.462890625,-0.234375,0.779296875,Rolling
144998,-0.734375,0.548828125,0.4140625,Rolling
145126,-0.734375,0.595703125,0.38671875,Rolling
145221,-0.736328125,0.59375,0.384765625,OnFace
145356,-0.736328125,0.59375,0.384765625,OnFace
145475,-0.734375,0.59375,0.384765625,OnFace
145570,-0.734375,0.59375,0.384765625,OnFace
145669,-0.734375,0.59375,0.384765625,OnFace
145772,-0.734375,0.59375,0.384765625,OnFace
145893,-0.734375,0.59375,0.384765625,OnFace
145992,-0.734375,0.59375,0.384765625,OnFace
146134,-0.734375,0.59375,0.384765625,OnFace
146233,-0.734375,0.59375,0.384765625,OnFace
146334,-0.734375,0.59375,0.384765625,OnFace
146433,-0.734375,0.59375,0.384765625,OnFace
146535,-0.736328125,0.595703125,0.3828125,OnFace
146635,-0.732421875,0.59375,0.3828125,OnFace
146732,-0.732421875,0.59375,0.3828125,OnFace
146857,-0.734375,0.595703125,0.384765625,OnFace
146955,-0.734375,0.595703125,0.384765625,OnFace
147061,-0.869140625,0.865234375,0.783203125,Handling
147161,-0.541015625,1.224609375,0.294921875,Handling
147336,0.048828125,-0.861328125,-0.5625,Handling
147436,0.20703125,-0.673828125,-0.34375,Handling
147578,0.20703125,-0.673828125,-0.34375,Rolling
147787,0.703125,-0.474609375,0.78515625,Rolling
147998,-0.82421875,0.427734375,0.4765625,Rolling
148146,-0.736328125,0.58203125,0.40234375,Rolling
148384,-0.736328125,0.58203125,0.400390625,OnFace
148530,-0.736328125,0.58203125,0.40234375,OnFace
148628,-0.736328125,0.58203125,0.40234375,OnFace
148744,-0.736328125,0.583984375,0.400390625,OnFace
148845,-0.736328125,0.58203125,0.40234375,OnFace
148986,-0.736328125,0.58203125,0.40234375,OnFace
149103,-0.736328125,0.58203125,0.400390625,OnFace
149258,-0.736328125,0.58203125,0.400390625,OnFace
149359,-0.736328125,0.58203125,0.400390625,OnFace
149456,-0.736328125,0.58203125,0.400390625,OnFace
149553,-0.736328125,0.58203125,0.400390625,OnFace
149853,-0.736328125,0.58203125,0.40234375,OnFace
150196,-0.80078125,0.978515625,1.111328125,Handling
150354,-0.275390625,0.130859375,0.408203125,Handling
150518,0.599609375,-0.703125,-1.162109375,Handling
150634,0.232421875,-0.044921875,-0.21875,Handling
150758,0.326171875,-0.388671875,0.390625,Rolling
150858,0.326171875,-0.388671875,0.390625,Rolling
151027,-0.9609375,0.23046875,0.08984375,Rolling
151205,-0.98046875,0.15625,0.185546875,Rolling
151323,-0.990234375,-0.005859375,0.08203125,Rolling
151474,-0.990234375,-0.005859375,0.080078125,OnFace
151657,-0.990234375,-0.005859375,0.080078125,OnFace
151773,-0.990234375,-0.005859375,0.080078125,OnFace
152045,-0.990234375,-0.005859375,0.080078125,OnFace
152200,-0.990234375,-0.005859375,0.08203125,OnFace
152296,-0.990234375,-0.005859375,0.080078125,OnFace
152404,-0.990234375,-0.005859375,0.080078125,OnFace
152530,-0.990234375,-0.005859375,0.080078125,OnFace
152789,-0.990234375,-0.0078125,0.08203125,OnFace
152921,-0.990234375,-0.005859375,0.080078125,OnFace
153019,-0.9609375,-0.134765625,0.333984375,OnFace
153213,-0.95703125,0.015625,-0.25,Handling
153366,-1.005859375,0.04296875,0.150390625,Handling
153490,-1.1796875,0.349609375,-0.404296875,Handling
153585,-0.51953125,0.10546875,-0.75,Handling
153683,-0.51953125,0.10546875,-0.75,Handling
153782,0.27734375,-0.26953125,-0.697265625,Handling
153878,0.52734375,-0.337890625,-0.75,Handling
153978,0.52734375,-0.337890625,-0.75,Handling
154198,0.384765625,-0.0234375,-0.392578125,Handling
154390,1.04296875,0.10546875,0.96875,Rolling
154564,0.96875,0.4296875,-0.181640625,Rolling
154687,0.7578125,0.59765625,-0.404296875,Rolling
154833,0.7578125,0.59765625,-0.404296875,Rolling
154957,0.751953125,0.6171875,-0.380859375,OnFace
155074,0.751953125,0.6171875,-0.380859375,OnFace
155196,0.751953125,0.6171875,-0.3828125,OnFace
155412,0.751953125,0.6171875,-0.380859375,OnFace
155553,0.751953125,0.6171875,-0.380859375,OnFace
155676,0.751953125,0.6171875,-0.380859375,OnFace
155795,0.751953125,0.6171875,-0.380859375,OnFace
155895,0.751953125,0.6171875,-0.380859375,OnFace
155994,0.751953125,0.6171875,-0.380859375,OnFace
156094,0.751953125,0.6171875,-0.380859375,OnFace
156267,0.751953125,0.6171875,-0.380859375,OnFace
156425,0.85546875,0.6796875,0.0703125,Handling
156606,0.75390625,0.447265625,-0.53125,Handling
156758,1.0859375,0.212890625,-0.0390625,Handling
157124,0.46875,0.12109375,0.009765625,Handling
157284,1.158203125,0.58203125,-0.3984375,Handling
157378,0.748046875,0.626953125,-0.357421875,Handling
157478,0.748046875,0.626953125,-0.357421875,Handling
157576,0.740234375,0.626953125,-0.390625,OnFace
157671,0.740234375,0.626953125,-0.390625,OnFace
157769,0.740234375,0.626953125,-0.390625,OnFace
157898,0.740234375,0.626953125,-0.390625,OnFace
157996,0.740234375,0.626953125,-0.390625,OnFace
158094,0.740234375,0.626953125,-0.390625,OnFace
158194,0.73828125,0.626953125,-0.390625,OnFace
158289,0.740234375,0.626953125,-0.390625,OnFace
158388,0.740234375,0.626953125,-0.390625,OnFace
158486,0.740234375,0.626953125,-0.390625,OnFace
158585,0.740234375,0.626953125,-0.390625,OnFace
158680,0.740234375,0.62890625,-0.390625,OnFace
158778,0.740234375,0.626953125,-0.390625,OnFace
158877,0.740234375,0.626953125,-0.390625,OnFace
158972,0.740234375,0.626953125,-0.390625,OnFace
159070,0.740234375,0.626953125,-0.390625,OnFace
159171,0.740234375,0.626953125,-0.390625,OnFace
159308,0.740234375,0.626953125,-0.390625,OnFace
159405,0.740234375,0.626953125,-0.390625,OnFace
159503,0.59375,1.01171875,-0.45703125,Shifting
159828,0.625,-0.060546875,-0.234375,Shifting
159981,0.771484375,0.63671875,-0.36328125,Shifting
160083,0.771484375,0.63671875,-0.36328125,Shifting
160215,0.740234375,0.62890625,-0.388671875,OnFace
160312,0.740234375,0.626953125,-0.390625,OnFace
160410,0.740234375,0.626953125,-0.390625,OnFace
160510,0.73828125,0.62890625,-0.390625,OnFace
160607,0.73828125,0.62890625,-0.390625,OnFace
160747,0.740234375,0.62890625,-0.390625,OnFace
160847,0.740234375,0.62890625,-0.390625,OnFace
160943,0.740234375,0.626953125,-0.390625,OnFace
161043,0.740234375,0.626953125,-0.390625,OnFace
161141,0.7265625,0.6484375,-0.39453125,OnFace
161236,0.7265625,0.6484375,-0.39453125,OnFace
161334,0.8125,0.697265625,-0.083984375,OnFace
161433,0.8125,0.697265625,-0.083984375,Shifting
161529,1.15625,0.583984375,-0.64453125,Shifting
161644,0.654296875,-0.23828125,-0.134765625,Shifting
161957,-0.1171875,0.134765625,-0.49609375,Shifting
162107,-0.123046875,0.53125,-0.80078125,Shifting
162210,-0.123046875,0.53125,-0.80078125,Shifting
162332,-0.322265625,0.65625,-0.7265625,Shifting
162486,-0.37109375,0.59765625,-0.72265625,OnFace
162588,-0.37109375,0.59765625,-0.72265625,OnFace
162689,-0.37109375,0.59765625,-0.724609375,OnFace
162790,-0.37109375,0.59765625,-0.724609375,OnFace
162970,-0.37109375,0.59765625,-0.724609375,OnFace
163116,-0.37109375,0.59765625,-0.724609375,OnFace
163237,-0.37109375,0.59765625,-0.724609375,OnFace
163356,-0.37109375,0.59765625,-0.724609375,OnFace
163454,-0.37109375,0.59765625,-0.724609375,OnFace
163573,-0.37109375,0.59765625,-0.724609375,OnFace
163686,-0.37109375,0.59765625,-0.724609375,OnFace
163785,-0.37109375,0.59765625,-0.72265625,OnFace
163885,-0.37109375,0.59765625,-0.72265625,OnFace
163980,-0.37109375,0.59765625,-0.724609375,OnFace
164081,-0.37109375,0.59765625,-0.724609375,OnFace
164193,-0.365234375,0.87109375,-0.404296875,OnFace
164462,-0.44921875,0.974609375,-0.953125,Shifting
164613,-0.6640625,0.55078125,-0.095703125,Shifting
164765,-0.55859375,0.49609375,-0.49609375,Shifting
164870,-0.55859375,0.49609375,-0.49609375,Shifting
164964,-0.3203125,0.642578125,-0.716796875,Shifting
165062,-0.376953125,0.595703125,-0.724609375,Shifting
165164,-0.376953125,0.595703125,-0.724609375,OnFace
165274,-0.376953125,0.595703125,-0.72265625,OnFace
165373,-0.375,0.595703125,-0.72265625,OnFace
165573,-0.376953125,0.595703125,-0.724609375,OnFace
165668,-0.376953125,0.595703125,-0.72265625,OnFace
165818,-0.376953125,0.595703125,-0.72265625,OnFace
165964,-0.376953125,0.595703125,-0.72265625,OnFace
166065,-0.376953125,0.595703125,-0.724609375,OnFace
166162,-0.37890625,0.595703125,-0.724609375,OnFace
166261,-0.37890625,0.595703125,-0.724609375,OnFace
166358,-0.376953125,0.595703125,-0.72265625,OnFace
166458,-0.376953125,0.595703125,-0.72265625,OnFace
166556,-0.376953125,0.595703125,-0.724609375,OnFace
166652,-0.916015625,0.736328125,-0.8359375,OnFace
166901,-0.361328125,-0.01953125,-0.013671875,Handling
167031,-0.568359375,0.806640625,-0.345703125,Handling
167132,-0.076171875,0.603515625,-0.056640625,Handling
167437,0.6875,0.712890625,-0.322265625,Handling
167584,0.6875,0.712890625,-0.322265625,OnFace
167682,0.6953125,0.705078125,-0.322265625,OnFace
167778,0.6953125,0.70703125,-0.322265625,OnFace
167876,0.6953125,0.70703125,-0.322265625,OnFace
168163,0.6953125,0.70703125,-0.32421875,OnFace
168324,0.6953125,0.70703125,-0.32421875,OnFace
168422,0.6953125,0.70703125,-0.322265625,OnFace
168544,0.6953125,0.70703125,-0.322265625,OnFace
168696,0.6953125,0.70703125,-0.322265625,OnFace
168807,0.6953125,0.70703125,-0.322265625,OnFace
168905,0.6953125,0.70703125,-0.322265625,OnFace
169056,0.697265625,0.70703125,-0.322265625,OnFace
169234,0.6953125,0.70703125,-0.322265625,OnFace
169429,0.70703125,0.701171875,-0.3203125,OnFace
169661,0.380859375,1.3671875,-0.205078125,Handling
169802,0.546875,0.9140625,-0.25,Handling
169899,0.546875,0.9140625,-0.25,Handling
170235,0.357421875,0.029296875,0.328125,Shaking
170393,0.28125,-0.0234375,-1.064453125,Shaking
170491,-0.109375,0.671875,0.45703125,Shaking
170621,0.36328125,0.4453125,0.330078125,Shaking
170880,0.5,-0.408203125,-0.09765625,Shaking
171010,0.576171875,0.28515625,1.1015625,Shaking
171122,0.576171875,0.28515625,1.1015625,Rolling
171219,0.482421875,0.05078125,-0.00390625,Rolling
171432,-0.28125,0.564453125,-0.689453125,Rolling
171564,-0.37109375,0.59765625,-0.7265625,Rolling
171662,-0.37109375,0.58984375,-0.73046875,Rolling
171788,-0.37109375,0.58984375,-0.73046875,OnFace
171889,-0.37109375,0.58984375,-0.73046875,OnFace
171988,-0.37109375,0.58984375,-0.73046875,OnFace
172086,-0.37109375,0.58984375,-0.73046875,OnFace
172186,-0.37109375,0.58984375,-0.73046875,OnFace
172313,-0.37109375,0.58984375,-0.73046875,OnFace
172412,-0.37109375,0.58984375,-0.73046875,OnFace
172513,-0.37109375,0.591796875,-0.728515625,OnFace
172615,-0.37109375,0.58984375,-0.73046875,OnFace
172713,-0.37109375,0.58984375,-0.73046875,OnFace
172811,-0.37109375,0.591796875,-0.73046875,OnFace
172911,-0.37109375,0.591796875,-0.73046875,OnFace
173009,-0.37109375,0.58984375,-0.73046875,OnFace
173109,-0.361328125,0.60546875,-0.72265625,OnFace
173207,-0.361328125,0.60546875,-0.72265625,OnFace
173304,-0.345703125,0.744140625,-0.552734375,Shifting
173405,-0.392578125,0.73046875,-0.61328125,Shifting
173504,-0.392578125,0.73046875,-0.61328125,Shifting
173614,-0.578125,0.693359375,-0.75390625,Shifting
173713,-0.64453125,0.5234375,-0.552734375,Shifting
173855,-0.64453125,0.5234375,-0.552734375,Shifting
173982,-0.556640625,0.5390625,0.06640625,Shifting
174082,-0.767578125,0.798828125,-0.01171875,Shifting
174246,-0.40625,0.830078125,-0.455078125,Shifting
174346,-0.357421875,0.59375,-0.732421875,Shifting
174482,-0.357421875,0.59375,-0.732421875,Shifting
174606,-0.380859375,0.599609375,-0.71875,Shifting
174704,-0.380859375,0.59765625,-0.71875,OnFace
174799,-0.380859375,0.59765625,-0.71875,OnFace
174898,-0.380859375,0.59765625,-0.71875,OnFace
174998,-0.380859375,0.59765625,-0.71875,OnFace
175093,-0.380859375,0.59765625,-0.71875,OnFace
175204,-0.380859375,0.59765625,-0.716796875,OnFace
175356,-0.380859375,0.599609375,-0.71875,OnFace
175452,-0.380859375,0.59765625,-0.716796875,OnFace
175549,-0.380859375,0.59765625,-0.71875,OnFace
175652,-0.380859375,0.59765625,-0.71875,OnFace
175751,-0.380859375,0.59765625,-0.71875,OnFace
175847,-0.380859375,0.59765625,-0.71875,OnFace
175984,-0.380859375,0.59765625,-0.71875,OnFace
176111,-0.380859375,0.59765625,-0.71875,OnFace
176208,-0.380859375,0.59765625,-0.720703125,OnFace
176310,-0.380859375,0.59765625,-0.720703125,OnFace
176438,-0.380859375,0.59765625,-0.71875,OnFace
176534,-0.380859375,0.59765625,-0.71875,OnFace
176641,-0.380859375,0.59765625,-0.71875,OnFace
176798,-0.380859375,0.59765625,-0.71875,OnFace
176911,-0.380859375,0.59765625,-0.71875,OnFace
177013,-0.380859375,0.59765625,-0.71875,OnFace
177111,-0.380859375,0.59765625,-0.71875,OnFace
177211,-0.380859375,0.59765625,-0.71875,OnFace
177313,-0.380859375,0.599609375,-0.71875,OnFace
177414,-0.380859375,0.599609375,-0.71875,OnFace
177511,-0.3828125,0.59765625,-0.71875,OnFace
177665,-0.380859375,0.59765625,-0.71875,OnFace
177794,-0.380859375,0.59765625,-0.71875,OnFace
177894,-0.380859375,0.59765625,-0.71875,OnFace
177993,-0.380859375,0.59765625,-0.71875,OnFace
178094,-0.380859375,0.59765625,-0.71875,OnFace
178236,-0.380859375,0.59765625,-0.71875,OnFace
178385,-0.380859375,0.59765625,-0.71875,OnFace
178507,-0.380859375,0.59765625,-0.71875,OnFace
178606,-0.380859375,0.59765625,-0.71875,OnFace
178703,-0.380859375,0.59765625,-0.71875,OnFace
178865,-0.380859375,0.59765625,-0.71875,OnFace
179018,-0.380859375,0.59765625,-0.71875,OnFace
179139,-0.3828125,0.59765625,-0.71875,OnFace
179236,-0.380859375,0.59765625,-0.71875,OnFace
179336,-0.380859375,0.59765625,-0.71875,OnFace
